{
  "layer_0_hindi_anisotropy": 0.9437951445579529,
  "layer_1_hindi_anisotropy": 0.9170947670936584,
  "layer_2_hindi_anisotropy": 0.9019451141357422,
  "layer_3_hindi_anisotropy": 0.887508749961853,
  "layer_0_english_anisotropy": 0.9775039553642273,
  "layer_1_english_anisotropy": 0.9623420834541321,
  "layer_2_english_anisotropy": 0.959790050983429,
  "layer_3_english_anisotropy": 0.9436940550804138,
  "layer_0_bengali_anisotropy": 0.9493480324745178,
  "layer_1_bengali_anisotropy": 0.9231423139572144,
  "layer_2_bengali_anisotropy": 0.9078996777534485,
  "layer_3_bengali_anisotropy": 0.8987180590629578,
  "layer_0_tamil_anisotropy": 0.9612037539482117,
  "layer_1_tamil_anisotropy": 0.9354799389839172,
  "layer_2_tamil_anisotropy": 0.9231324195861816,
  "layer_3_tamil_anisotropy": 0.9205437898635864,
  "layer_0_swahili_anisotropy": 0.9641854166984558,
  "layer_1_swahili_anisotropy": 0.9464753866195679,
  "layer_2_swahili_anisotropy": 0.9438067078590393,
  "layer_3_swahili_anisotropy": 0.9258627891540527,
  "layer_0_amharic_anisotropy": 0.9397165179252625,
  "layer_1_amharic_anisotropy": 0.9208860993385315,
  "layer_2_amharic_anisotropy": 0.9142728447914124,
  "layer_3_amharic_anisotropy": 0.9037135243415833,
  "layer_0_yoruba_anisotropy": 0.9318583607673645,
  "layer_1_yoruba_anisotropy": 0.9023547172546387,
  "layer_2_yoruba_anisotropy": 0.9064843058586121,
  "layer_3_yoruba_anisotropy": 0.8861942291259766,
  "layer_0_arabic_anisotropy": 0.9665274024009705,
  "layer_1_arabic_anisotropy": 0.94832843542099,
  "layer_2_arabic_anisotropy": 0.9460549354553223,
  "layer_3_arabic_anisotropy": 0.9272027015686035,
  "layer_0_turkish_anisotropy": 0.9679383635520935,
  "layer_1_turkish_anisotropy": 0.9516037702560425,
  "layer_2_turkish_anisotropy": 0.9473839998245239,
  "layer_3_turkish_anisotropy": 0.929699718952179,
  "layer_0_persian_anisotropy": 0.9601671099662781,
  "layer_1_persian_anisotropy": 0.9400168061256409,
  "layer_2_persian_anisotropy": 0.9381080269813538,
  "layer_3_persian_anisotropy": 0.9182656407356262,
  "layer_0_german_anisotropy": 0.9700472354888916,
  "layer_1_german_anisotropy": 0.9537017941474915,
  "layer_2_german_anisotropy": 0.9487023949623108,
  "layer_3_german_anisotropy": 0.9302514791488647,
  "layer_0_french_anisotropy": 0.9684155583381653,
  "layer_1_french_anisotropy": 0.9500922560691833,
  "layer_2_french_anisotropy": 0.9448951482772827,
  "layer_3_french_anisotropy": 0.9241201281547546,
  "layer_0_spanish_anisotropy": 0.9698556661605835,
  "layer_1_spanish_anisotropy": 0.9530922174453735,
  "layer_2_spanish_anisotropy": 0.9495469927787781,
  "layer_3_spanish_anisotropy": 0.9309766292572021,
  "layer_0_avg_whitened_cka": 0.9671670167874067,
  "layer_0_avg_standard_cka": 0.6517959630642182,
  "layer_1_avg_whitened_cka": 0.9991914064456255,
  "layer_1_avg_standard_cka": 0.6429113627244265,
  "layer_2_avg_whitened_cka": 0.9996745662811475,
  "layer_2_avg_standard_cka": 0.6440478544204663,
  "layer_3_avg_whitened_cka": 0.9999141318675799,
  "layer_3_avg_standard_cka": 0.6401804322615648
}