{
  "layer_0_avg_crosslingual_cka": 0.6517959630642182,
  "layer_1_avg_crosslingual_cka": 0.6429113627244265,
  "layer_2_avg_crosslingual_cka": 0.6440478544204663,
  "layer_3_avg_crosslingual_cka": 0.6401804322615648,
  "layer_4_avg_crosslingual_cka": 0.6271787194105295,
  "layer_5_avg_crosslingual_cka": 0.6215368322072885,
  "layer_6_avg_crosslingual_cka": 0.6141914358505836,
  "layer_7_avg_crosslingual_cka": 0.6379600423268783,
  "layer_8_avg_crosslingual_cka": 0.632799581457407,
  "layer_9_avg_crosslingual_cka": 0.6305083116659751,
  "layer_10_avg_crosslingual_cka": 0.6306226352850596,
  "layer_11_avg_crosslingual_cka": 0.6291585499659563,
  "layer_12_avg_crosslingual_cka": 0.6242455259347574,
  "layer_13_avg_crosslingual_cka": 0.6233414610226949,
  "layer_14_avg_crosslingual_cka": 0.6255914649138083,
  "layer_15_avg_crosslingual_cka": 0.6208984607305282,
  "layer_16_avg_crosslingual_cka": 0.6245068602072887,
  "layer_17_avg_crosslingual_cka": 0.6263096095659794,
  "layer_18_avg_crosslingual_cka": 0.624726326801838,
  "layer_19_avg_crosslingual_cka": 0.6257543636438174,
  "layer_20_avg_crosslingual_cka": 0.6236510154528495,
  "layer_21_avg_crosslingual_cka": 0.6239615094203216,
  "layer_22_avg_crosslingual_cka": 0.6161472621636513,
  "layer_23_avg_crosslingual_cka": 0.6106878599295249,
  "layer_24_avg_crosslingual_cka": 0.6040828936757185,
  "layer_25_avg_crosslingual_cka": 0.595426486661801,
  "layer_26_avg_crosslingual_cka": 0.5859463690565183,
  "layer_27_avg_crosslingual_cka": 0.5673211239851438,
  "layer_28_avg_crosslingual_cka": 0.5587199345613137,
  "layer_29_avg_crosslingual_cka": 0.5517069330582252,
  "layer_30_avg_crosslingual_cka": 0.5374321782818208,
  "layer_31_avg_crosslingual_cka": 0.514551386810266,
  "layer_32_avg_crosslingual_cka": 0.498987241433217,
  "layer_33_avg_crosslingual_cka": 0.47932934617766965,
  "layer_34_avg_crosslingual_cka": 0.4630580034871132,
  "layer_35_avg_crosslingual_cka": 0.398918873224503,
  "convergence_layer": null
}