{
  "drift": {
    "earth": {
      "hindi": 0.003563188844256931,
      "english": 0.0003351337379879422,
      "bengali": 0.005395210451549954,
      "tamil": 0.011187588175137838,
      "swahili": 0.0006735374530156454,
      "amharic": 0.0005683253208796183,
      "yoruba": 0.00018565853436787924,
      "arabic": 0.0003710538148880005,
      "turkish": 0.0004535698228412204,
      "persian": 0.0004346503151787652,
      "german": 0.00032052563296424016,
      "french": 0.0004030168056488037,
      "spanish": 0.0004311733775668674
    },
    "fire": {
      "hindi": 0.005393925640318129,
      "english": 0.002198037174012926,
      "bengali": 0.008585219581921896,
      "tamil": 0.011424430542522006,
      "swahili": 0.004114405976401435,
      "amharic": 0.002544562021891276,
      "yoruba": 0.0016358743111292522,
      "arabic": 0.0023190495040681628,
      "turkish": 0.002159825629658169,
      "persian": 0.002365148729748196,
      "german": 0.002046644687652588,
      "french": 0.002777044971783956,
      "spanish": 0.0029235051737891305
    },
    "water": {
      "hindi": 0.0034705913729137844,
      "english": 0.00030962129433949787,
      "bengali": 0.005258215798272027,
      "tamil": 0.010088157322671678,
      "swahili": 0.004325800471835666,
      "amharic": 0.0012826141383912829,
      "yoruba": 0.0006050765514373779,
      "arabic": 0.00031787653764088947,
      "turkish": 0.0003891189893086751,
      "persian": 0.00034438239203559025,
      "german": 0.0002857794364293416,
      "french": 0.00034431285328335233,
      "spanish": 0.00034612582789527043
    }
  },
  "mrr_best": {
    "global": {
      "hindi": 0.13463614114875785,
      "bengali": 0.12119331985549628,
      "tamil": 0.07407393769342722,
      "swahili": 0.8265687246366896,
      "amharic": 0.26622347261826557,
      "yoruba": 0.16484488939550612,
      "arabic": 0.9600753968253969,
      "turkish": 0.9313386841916252,
      "persian": 0.8178752231720982,
      "german": 0.9811458333333333,
      "french": 0.9637230639730641,
      "spanish": 0.9770649596965387
    },
    "earth": {
      "hindi": 0.1426218751225122,
      "bengali": 0.11831677446653785,
      "tamil": 0.07499812252767644,
      "swahili": 0.8392915163540163,
      "amharic": 0.29776575746654466,
      "yoruba": 0.17243278071304688,
      "arabic": 0.9724499618029029,
      "turkish": 0.9395150435189629,
      "persian": 0.8257451455253654,
      "german": 0.9887179487179486,
      "french": 0.9735795454545455,
      "spanish": 0.9797272727272727
    },
    "fire": {
      "hindi": 0.17137699367866724,
      "bengali": 0.15058589652593185,
      "tamil": 0.0904025200877715,
      "swahili": 0.8423778409090911,
      "amharic": 0.2689837159759614,
      "yoruba": 0.1690253994181264,
      "arabic": 0.9755229468599035,
      "turkish": 0.9438140331890332,
      "persian": 0.8246125537289469,
      "german": 0.9896212121212122,
      "french": 0.9762590579710144,
      "spanish": 0.9823989898989899
    },
    "water": {
      "hindi": 0.13938785285519728,
      "bengali": 0.11471239071486884,
      "tamil": 0.07468860481012742,
      "swahili": 0.8153636294792972,
      "amharic": 0.24500166323258601,
      "yoruba": 0.16013186932450416,
      "arabic": 0.9699156746031745,
      "turkish": 0.9386914682539682,
      "persian": 0.8186053999253418,
      "german": 0.9861904761904762,
      "french": 0.9702685185185186,
      "spanish": 0.9796904761904761
    }
  },
  "mrr_advantage": {
    "earth": {
      "hindi": 0.00798573397375435,
      "bengali": -0.002876545388958429,
      "tamil": 0.0009241848342492198,
      "swahili": 0.012722791717326709,
      "amharic": 0.03154228484827909,
      "yoruba": 0.007587891317540757,
      "arabic": 0.012374564977505997,
      "turkish": 0.008176359327337623,
      "persian": 0.007869922353267222,
      "german": 0.00757211538461533,
      "french": 0.009856481481481438,
      "spanish": 0.0026623130307339427
    },
    "fire": {
      "hindi": 0.036740852529909385,
      "bengali": 0.029392576670435572,
      "tamil": 0.016328582394344274,
      "swahili": 0.015809116272401447,
      "amharic": 0.002760243357695813,
      "yoruba": 0.004180510022620265,
      "arabic": 0.015447550034506596,
      "turkish": 0.012475348997407987,
      "persian": 0.006737330556848775,
      "german": 0.008475378787878962,
      "french": 0.012535993997950357,
      "spanish": 0.0053340302024511566
    },
    "water": {
      "hindi": 0.0047517117064394265,
      "bengali": -0.006480929140627437,
      "tamil": 0.0006146671167001905,
      "swahili": -0.01120509515739243,
      "amharic": -0.021221809385679552,
      "yoruba": -0.0047130200710019665,
      "arabic": 0.009840277777777628,
      "turkish": 0.007352784062342965,
      "persian": 0.0007301767532436054,
      "german": 0.0050446428571429,
      "french": 0.006545454545454521,
      "spanish": 0.0026255164939373854
    }
  },
  "target_nontarget_stats": {
    "earth": {
      "target_avg_drift": 0.00044779921019518816,
      "nontarget_avg_drift": 0.003090833860730368,
      "drift_ratio": 0.14487974131659495
    },
    "fire": {
      "target_avg_drift": 0.00846785858825401,
      "nontarget_avg_drift": 0.002508409818013509,
      "drift_ratio": 3.375787531783774
    },
    "water": {
      "target_avg_drift": 0.00032145985298686556,
      "nontarget_avg_drift": 0.0028979815082785525,
      "drift_ratio": 0.11092543277745684
    }
  },
  "correlation": {
    "earth": {
      "pearson_r": -0.4611817603721093,
      "slope": -1.1773604521235925,
      "intercept": 0.011220002499439066
    },
    "fire": {
      "pearson_r": 0.5674125412350809,
      "slope": 1.9133089228129074,
      "intercept": 0.006152043409276968
    },
    "water": {
      "pearson_r": -0.2172661131129507,
      "slope": -0.6409637790826614,
      "intercept": 0.0009356340521274361
    }
  }
}