{
  "global_layer_0_avg_cka": 0.7018703520298004,
  "global_layer_1_avg_cka": 0.6946254403163226,
  "global_layer_2_avg_cka": 0.6958048679889777,
  "global_layer_3_avg_cka": 0.6930795636696693,
  "global_layer_4_avg_cka": 0.6829335189018494,
  "global_layer_5_avg_cka": 0.6784421728971677,
  "global_layer_6_avg_cka": 0.6722259028599813,
  "global_layer_7_avg_cka": 0.6911903237685179,
  "global_layer_8_avg_cka": 0.68629407003904,
  "global_layer_9_avg_cka": 0.6849568807161771,
  "global_layer_10_avg_cka": 0.6853143924321884,
  "global_layer_11_avg_cka": 0.684059331814448,
  "global_layer_12_avg_cka": 0.6787256097946411,
  "global_layer_13_avg_cka": 0.6792651747281735,
  "global_layer_14_avg_cka": 0.6812094709812067,
  "global_layer_15_avg_cka": 0.676739921554541,
  "global_layer_16_avg_cka": 0.6801345115288709,
  "global_layer_17_avg_cka": 0.6809797027172186,
  "global_layer_18_avg_cka": 0.6788537024687498,
  "global_layer_19_avg_cka": 0.6792856901884079,
  "global_layer_20_avg_cka": 0.6765745526705033,
  "global_layer_21_avg_cka": 0.6765410128312234,
  "global_layer_22_avg_cka": 0.6692714247948084,
  "global_layer_23_avg_cka": 0.6632338804312241,
  "global_layer_24_avg_cka": 0.6575476206265963,
  "global_layer_25_avg_cka": 0.6498838449135805,
  "global_layer_26_avg_cka": 0.643058757751416,
  "global_layer_27_avg_cka": 0.6262679694172664,
  "global_layer_28_avg_cka": 0.618345673649739,
  "global_layer_29_avg_cka": 0.6127872646619112,
  "global_layer_30_avg_cka": 0.6015139000538068,
  "global_layer_31_avg_cka": 0.5846698245941064,
  "global_layer_32_avg_cka": 0.5731518192168994,
  "global_layer_33_avg_cka": 0.5553890197322919,
  "global_layer_34_avg_cka": 0.5390283146347755,
  "global_layer_35_avg_cka": 0.48256055781474483,
  "earth_layer_0_avg_cka": 0.7017998007627634,
  "earth_layer_1_avg_cka": 0.6943847624919354,
  "earth_layer_2_avg_cka": 0.6958618404773566,
  "earth_layer_3_avg_cka": 0.6935991877928759,
  "earth_layer_4_avg_cka": 0.6837722059243765,
  "earth_layer_5_avg_cka": 0.6792830759898211,
  "earth_layer_6_avg_cka": 0.6732943940621156,
  "earth_layer_7_avg_cka": 0.6917576381029227,
  "earth_layer_8_avg_cka": 0.6869079233744205,
  "earth_layer_9_avg_cka": 0.6851639438133973,
  "earth_layer_10_avg_cka": 0.6851050490752245,
  "earth_layer_11_avg_cka": 0.6835809071094562,
  "earth_layer_12_avg_cka": 0.6781497265283878,
  "earth_layer_13_avg_cka": 0.6787471435008905,
  "earth_layer_14_avg_cka": 0.6804916136539899,
  "earth_layer_15_avg_cka": 0.6758844894476426,
  "earth_layer_16_avg_cka": 0.6791875515228663,
  "earth_layer_17_avg_cka": 0.6801564888312266,
  "earth_layer_18_avg_cka": 0.6780890165231167,
  "earth_layer_19_avg_cka": 0.6788286394797839,
  "earth_layer_20_avg_cka": 0.6753856704021112,
  "earth_layer_21_avg_cka": 0.6752483332768465,
  "earth_layer_22_avg_cka": 0.6681823848913877,
  "earth_layer_23_avg_cka": 0.6612344498817737,
  "earth_layer_24_avg_cka": 0.6548564877265539,
  "earth_layer_25_avg_cka": 0.6480312714209924,
  "earth_layer_26_avg_cka": 0.6418002266914417,
  "earth_layer_27_avg_cka": 0.6259743813902904,
  "earth_layer_28_avg_cka": 0.618352527037645,
  "earth_layer_29_avg_cka": 0.6132208089797925,
  "earth_layer_30_avg_cka": 0.6024110705042497,
  "earth_layer_31_avg_cka": 0.5856439774999251,
  "earth_layer_32_avg_cka": 0.5746044302598025,
  "earth_layer_33_avg_cka": 0.55909175463976,
  "earth_layer_34_avg_cka": 0.5436445409670855,
  "earth_layer_35_avg_cka": 0.4865727369219829,
  "fire_layer_0_avg_cka": 0.7008349574529208,
  "fire_layer_1_avg_cka": 0.6924890310336382,
  "fire_layer_2_avg_cka": 0.6942728211482366,
  "fire_layer_3_avg_cka": 0.6908085674811633,
  "fire_layer_4_avg_cka": 0.677634249895047,
  "fire_layer_5_avg_cka": 0.6726708591748507,
  "fire_layer_6_avg_cka": 0.666571421118883,
  "fire_layer_7_avg_cka": 0.6885998955903909,
  "fire_layer_8_avg_cka": 0.6834545911122591,
  "fire_layer_9_avg_cka": 0.6814419218362906,
  "fire_layer_10_avg_cka": 0.6815641957979935,
  "fire_layer_11_avg_cka": 0.6799445270727842,
  "fire_layer_12_avg_cka": 0.6740584530127354,
  "fire_layer_13_avg_cka": 0.6754461263234799,
  "fire_layer_14_avg_cka": 0.6779662787150114,
  "fire_layer_15_avg_cka": 0.673189748556186,
  "fire_layer_16_avg_cka": 0.6776766498119403,
  "fire_layer_17_avg_cka": 0.6784422814081876,
  "fire_layer_18_avg_cka": 0.6761753222881219,
  "fire_layer_19_avg_cka": 0.6769118030101825,
  "fire_layer_20_avg_cka": 0.6738549944681999,
  "fire_layer_21_avg_cka": 0.6736756058839651,
  "fire_layer_22_avg_cka": 0.6658954372008642,
  "fire_layer_23_avg_cka": 0.6573049831084716,
  "fire_layer_24_avg_cka": 0.6511842421232126,
  "fire_layer_25_avg_cka": 0.6440426951799637,
  "fire_layer_26_avg_cka": 0.6375966731172341,
  "fire_layer_27_avg_cka": 0.6209232081205417,
  "fire_layer_28_avg_cka": 0.6142026199362217,
  "fire_layer_29_avg_cka": 0.6098339177477055,
  "fire_layer_30_avg_cka": 0.5994007297051258,
  "fire_layer_31_avg_cka": 0.5817917069563499,
  "fire_layer_32_avg_cka": 0.5707478777338297,
  "fire_layer_33_avg_cka": 0.5547007894477783,
  "fire_layer_34_avg_cka": 0.5414569708399284,
  "fire_layer_35_avg_cka": 0.48188677840890026,
  "water_layer_0_avg_cka": 0.7019402797405536,
  "water_layer_1_avg_cka": 0.6945274055768282,
  "water_layer_2_avg_cka": 0.6960318088531494,
  "water_layer_3_avg_cka": 0.693800267118674,
  "water_layer_4_avg_cka": 0.6835824426932212,
  "water_layer_5_avg_cka": 0.6789893954992294,
  "water_layer_6_avg_cka": 0.6728602303908422,
  "water_layer_7_avg_cka": 0.691823450418619,
  "water_layer_8_avg_cka": 0.6872436323991189,
  "water_layer_9_avg_cka": 0.685639541882735,
  "water_layer_10_avg_cka": 0.6856883733700483,
  "water_layer_11_avg_cka": 0.6840491077074637,
  "water_layer_12_avg_cka": 0.6787103964732244,
  "water_layer_13_avg_cka": 0.6792198431033355,
  "water_layer_14_avg_cka": 0.680849993458161,
  "water_layer_15_avg_cka": 0.6762994149556527,
  "water_layer_16_avg_cka": 0.6791495596751188,
  "water_layer_17_avg_cka": 0.6800971191663009,
  "water_layer_18_avg_cka": 0.678008190714396,
  "water_layer_19_avg_cka": 0.6788799781829883,
  "water_layer_20_avg_cka": 0.6757570784061383,
  "water_layer_21_avg_cka": 0.6754510872639142,
  "water_layer_22_avg_cka": 0.6680134764084449,
  "water_layer_23_avg_cka": 0.6608514804870654,
  "water_layer_24_avg_cka": 0.6546302445423908,
  "water_layer_25_avg_cka": 0.6477317886474805,
  "water_layer_26_avg_cka": 0.6414650074946575,
  "water_layer_27_avg_cka": 0.6251106825776589,
  "water_layer_28_avg_cka": 0.6164589002728462,
  "water_layer_29_avg_cka": 0.6094835245838532,
  "water_layer_30_avg_cka": 0.5976664160306637,
  "water_layer_31_avg_cka": 0.5799129618666111,
  "water_layer_32_avg_cka": 0.5682981745936931,
  "water_layer_33_avg_cka": 0.5528188175879992,
  "water_layer_34_avg_cka": 0.5379620242195252,
  "water_layer_35_avg_cka": 0.4843555312508192
}