{
  "layer_0_en_hi_mrr": 0.008545756441930917,
  "layer_0_en_hi_recall_at_1": 0.001976284584980237,
  "layer_0_en_hi_recall_at_10": 0.01383399209486166,
  "layer_0_en_bn_mrr": 0.008193157377255823,
  "layer_0_en_bn_recall_at_1": 0.001976284584980237,
  "layer_0_en_bn_recall_at_10": 0.010869565217391304,
  "layer_0_en_ta_mrr": 0.008887695615081998,
  "layer_0_en_ta_recall_at_1": 0.001976284584980237,
  "layer_0_en_ta_recall_at_10": 0.011857707509881422,
  "layer_0_en_sw_mrr": 0.037970188568812596,
  "layer_0_en_sw_recall_at_1": 0.022727272727272728,
  "layer_0_en_sw_recall_at_10": 0.05632411067193676,
  "layer_0_en_am_mrr": 0.012452552084351835,
  "layer_0_en_am_recall_at_1": 0.003952569169960474,
  "layer_0_en_am_recall_at_10": 0.020750988142292492,
  "layer_0_en_yo_mrr": 0.01957400834041816,
  "layer_0_en_yo_recall_at_1": 0.008893280632411068,
  "layer_0_en_yo_recall_at_10": 0.030632411067193676,
  "layer_0_en_ar_mrr": 0.05115876202860485,
  "layer_0_en_ar_recall_at_1": 0.023715415019762844,
  "layer_0_en_ar_recall_at_10": 0.0958498023715415,
  "layer_0_en_tr_mrr": 0.06380974054193837,
  "layer_0_en_tr_recall_at_1": 0.036561264822134384,
  "layer_0_en_tr_recall_at_10": 0.10276679841897234,
  "layer_0_en_fa_mrr": 0.03060603752139372,
  "layer_0_en_fa_recall_at_1": 0.01383399209486166,
  "layer_0_en_fa_recall_at_10": 0.04743083003952569,
  "layer_0_en_de_mrr": 0.1281337675861961,
  "layer_0_en_de_recall_at_1": 0.09288537549407115,
  "layer_0_en_de_recall_at_10": 0.19268774703557312,
  "layer_0_en_fr_mrr": 0.10618293955792409,
  "layer_0_en_fr_recall_at_1": 0.07806324110671936,
  "layer_0_en_fr_recall_at_10": 0.15316205533596838,
  "layer_0_en_es_mrr": 0.12296778266532056,
  "layer_0_en_es_recall_at_1": 0.08893280632411067,
  "layer_0_en_es_recall_at_10": 0.18774703557312253,
  "layer_1_en_hi_mrr": 0.008308367085025924,
  "layer_1_en_hi_recall_at_1": 0.0009881422924901185,
  "layer_1_en_hi_recall_at_10": 0.012845849802371542,
  "layer_1_en_bn_mrr": 0.008573784157203836,
  "layer_1_en_bn_recall_at_1": 0.001976284584980237,
  "layer_1_en_bn_recall_at_10": 0.010869565217391304,
  "layer_1_en_ta_mrr": 0.008895792693718221,
  "layer_1_en_ta_recall_at_1": 0.001976284584980237,
  "layer_1_en_ta_recall_at_10": 0.012845849802371542,
  "layer_1_en_sw_mrr": 0.06460159656595575,
  "layer_1_en_sw_recall_at_1": 0.041501976284584984,
  "layer_1_en_sw_recall_at_10": 0.10375494071146245,
  "layer_1_en_am_mrr": 0.014097390803519285,
  "layer_1_en_am_recall_at_1": 0.004940711462450593,
  "layer_1_en_am_recall_at_10": 0.021739130434782608,
  "layer_1_en_yo_mrr": 0.02442676160042381,
  "layer_1_en_yo_recall_at_1": 0.01383399209486166,
  "layer_1_en_yo_recall_at_10": 0.03557312252964427,
  "layer_1_en_ar_mrr": 0.11957518250538558,
  "layer_1_en_ar_recall_at_1": 0.07806324110671936,
  "layer_1_en_ar_recall_at_10": 0.18774703557312253,
  "layer_1_en_tr_mrr": 0.113762895439632,
  "layer_1_en_tr_recall_at_1": 0.08498023715415019,
  "layer_1_en_tr_recall_at_10": 0.16205533596837945,
  "layer_1_en_fa_mrr": 0.053201406605869826,
  "layer_1_en_fa_recall_at_1": 0.02865612648221344,
  "layer_1_en_fa_recall_at_10": 0.09090909090909091,
  "layer_1_en_de_mrr": 0.24821723935288462,
  "layer_1_en_de_recall_at_1": 0.20059288537549408,
  "layer_1_en_de_recall_at_10": 0.33695652173913043,
  "layer_1_en_fr_mrr": 0.21201223022662966,
  "layer_1_en_fr_recall_at_1": 0.17094861660079053,
  "layer_1_en_fr_recall_at_10": 0.2855731225296443,
  "layer_1_en_es_mrr": 0.2457857462868587,
  "layer_1_en_es_recall_at_1": 0.20059288537549408,
  "layer_1_en_es_recall_at_10": 0.32806324110671936,
  "layer_2_en_hi_mrr": 0.009758558329362968,
  "layer_2_en_hi_recall_at_1": 0.001976284584980237,
  "layer_2_en_hi_recall_at_10": 0.014822134387351778,
  "layer_2_en_bn_mrr": 0.009481603757649264,
  "layer_2_en_bn_recall_at_1": 0.0029644268774703555,
  "layer_2_en_bn_recall_at_10": 0.010869565217391304,
  "layer_2_en_ta_mrr": 0.009794719106125054,
  "layer_2_en_ta_recall_at_1": 0.0029644268774703555,
  "layer_2_en_ta_recall_at_10": 0.012845849802371542,
  "layer_2_en_sw_mrr": 0.1302875371358896,
  "layer_2_en_sw_recall_at_1": 0.08596837944664032,
  "layer_2_en_sw_recall_at_10": 0.20454545454545456,
  "layer_2_en_am_mrr": 0.020380739297320035,
  "layer_2_en_am_recall_at_1": 0.009881422924901186,
  "layer_2_en_am_recall_at_10": 0.0266798418972332,
  "layer_2_en_yo_mrr": 0.031858711116021725,
  "layer_2_en_yo_recall_at_1": 0.018774703557312252,
  "layer_2_en_yo_recall_at_10": 0.04743083003952569,
  "layer_2_en_ar_mrr": 0.23662390744889156,
  "layer_2_en_ar_recall_at_1": 0.17193675889328064,
  "layer_2_en_ar_recall_at_10": 0.34881422924901184,
  "layer_2_en_tr_mrr": 0.20647075729935627,
  "layer_2_en_tr_recall_at_1": 0.15612648221343872,
  "layer_2_en_tr_recall_at_10": 0.30335968379446643,
  "layer_2_en_fa_mrr": 0.11321592904413771,
  "layer_2_en_fa_recall_at_1": 0.08201581027667984,
  "layer_2_en_fa_recall_at_10": 0.16699604743083005,
  "layer_2_en_de_mrr": 0.43069359757141007,
  "layer_2_en_de_recall_at_1": 0.3794466403162055,
  "layer_2_en_de_recall_at_10": 0.5158102766798419,
  "layer_2_en_fr_mrr": 0.3568784646931141,
  "layer_2_en_fr_recall_at_1": 0.30335968379446643,
  "layer_2_en_fr_recall_at_10": 0.44466403162055335,
  "layer_2_en_es_mrr": 0.43068195779503365,
  "layer_2_en_es_recall_at_1": 0.37351778656126483,
  "layer_2_en_es_recall_at_10": 0.5316205533596838,
  "layer_3_en_hi_mrr": 0.010487179261108244,
  "layer_3_en_hi_recall_at_1": 0.0029644268774703555,
  "layer_3_en_hi_recall_at_10": 0.01383399209486166,
  "layer_3_en_bn_mrr": 0.00914119581680807,
  "layer_3_en_bn_recall_at_1": 0.001976284584980237,
  "layer_3_en_bn_recall_at_10": 0.010869565217391304,
  "layer_3_en_ta_mrr": 0.009910002126212578,
  "layer_3_en_ta_recall_at_1": 0.0029644268774703555,
  "layer_3_en_ta_recall_at_10": 0.012845849802371542,
  "layer_3_en_sw_mrr": 0.16572177749408867,
  "layer_3_en_sw_recall_at_1": 0.12549407114624506,
  "layer_3_en_sw_recall_at_10": 0.2440711462450593,
  "layer_3_en_am_mrr": 0.017051919059576905,
  "layer_3_en_am_recall_at_1": 0.004940711462450593,
  "layer_3_en_am_recall_at_10": 0.02865612648221344,
  "layer_3_en_yo_mrr": 0.030158494288356985,
  "layer_3_en_yo_recall_at_1": 0.015810276679841896,
  "layer_3_en_yo_recall_at_10": 0.05039525691699605,
  "layer_3_en_ar_mrr": 0.300882058515524,
  "layer_3_en_ar_recall_at_1": 0.24802371541501977,
  "layer_3_en_ar_recall_at_10": 0.39920948616600793,
  "layer_3_en_tr_mrr": 0.26231946034330506,
  "layer_3_en_tr_recall_at_1": 0.2124505928853755,
  "layer_3_en_tr_recall_at_10": 0.34288537549407117,
  "layer_3_en_fa_mrr": 0.12623441402355892,
  "layer_3_en_fa_recall_at_1": 0.09881422924901186,
  "layer_3_en_fa_recall_at_10": 0.17687747035573123,
  "layer_3_en_de_mrr": 0.4928919004895228,
  "layer_3_en_de_recall_at_1": 0.4426877470355731,
  "layer_3_en_de_recall_at_10": 0.5820158102766798,
  "layer_3_en_fr_mrr": 0.42783609078917323,
  "layer_3_en_fr_recall_at_1": 0.37549407114624506,
  "layer_3_en_fr_recall_at_10": 0.5355731225296443,
  "layer_3_en_es_mrr": 0.48449831966307955,
  "layer_3_en_es_recall_at_1": 0.4318181818181818,
  "layer_3_en_es_recall_at_10": 0.5820158102766798
}