{
  "layer_0_intra_script_cka": 0.6018636199561033,
  "layer_0_inter_script_cka": 0.6714122407138348,
  "layer_0_script_gap": -0.0695486207577315,
  "layer_1_intra_script_cka": 0.5908771346915852,
  "layer_1_inter_script_cka": 0.6633533808801856,
  "layer_1_script_gap": -0.07247624618860038,
  "layer_2_intra_script_cka": 0.5930605422366749,
  "layer_2_inter_script_cka": 0.6640785842069558,
  "layer_2_script_gap": -0.07101804197028083,
  "layer_3_intra_script_cka": 0.588302877816287,
  "layer_3_inter_script_cka": 0.6605609000793525,
  "layer_3_script_gap": -0.07225802226306555
}